MedInc,HouseAge,AveRooms,AveBedrms,Population,AveOccup,Latitude,Longitude,MedHouseVal
9.9723,3.0000,7.5211,1.6286,5002.0000,1.5944,33.8145,-123.6244,5.4135
3.7691,47.0000,10.3843,0.6174,4567.0000,5.5698,38.1295,-116.5923,2.8772
5.5673,43.0000,3.9806,0.8450,3785.0000,4.9929,35.0874,-117.6718,3.2230
5.1154,23.0000,9.4477,1.5614,2633.0000,3.1868,37.6127,-119.3630,2.9705
1.5438,8.0000,8.3031,1.6088,4668.0000,5.5360,40.0968,-117.9514,1.3221
2.2196,51.0000,7.7130,1.6121,1931.0000,2.6152,38.4459,-122.1650,1.6493
4.0617,50.0000,3.2448,1.8189,4552.0000,4.6168,34.3162,-123.0402,2.6814
7.9932,40.0000,6.5904,2.0530,4826.0000,3.1667,32.9352,-119.7810,4.4951
9.7097,45.0000,5.5312,0.9161,947.0000,2.9164,33.6429,-116.7165,5.4055
1.0634,12.0000,9.6110,2.4995,1766.0000,3.0039,39.8907,-121.7118,1.4759
10.5910,14.0000,5.8046,1.7675,294.0000,5.0397,32.4053,-120.8590,5.6341
10.6318,49.0000,5.4988,2.4652,1634.0000,4.6893,33.4545,-123.3436,5.4493
6.8982,1.0000,8.0037,2.1033,1496.0000,3.4579,36.2734,-116.4535,3.8560
8.7750,10.0000,4.7589,1.5121,390.0000,5.0822,37.6318,-118.7508,4.6001
2.5159,20.0000,5.8513,2.1429,1040.0000,1.2617,38.2890,-122.6853,2.1400
5.7035,27.0000,3.9765,2.1442,3515.0000,3.8214,36.4299,-117.8042,3.1483
5.6526,18.0000,4.9576,1.6725,4160.0000,5.5157,37.7462,-115.6259,3.1797
9.9108,10.0000,4.3057,1.0110,2512.0000,1.5734,41.5549,-115.2842,4.2724
6.6800,5.0000,10.8742,0.6293,2629.0000,3.7033,41.3707,-115.0347,3.5164
2.5357,44.0000,7.4010,0.6714,2226.0000,3.0120,36.1398,-120.1088,2.2115
2.4713,48.0000,8.5413,1.8874,2359.0000,4.2568,37.3366,-118.8467,2.1619
5.3305,31.0000,3.6513,1.7909,3357.0000,4.2188,38.6394,-121.4397,3.0658
5.6011,52.0000,8.1767,2.2396,4226.0000,4.1084,39.6982,-121.0478,2.9477
8.2373,22.0000,7.7422,1.4780,4313.0000,5.8865,40.8676,-118.7048,4.0053
3.8400,26.0000,5.0386,0.8452,4131.0000,3.3463,33.5190,-116.4008,2.9936
2.8020,7.0000,3.3398,2.0732,215.0000,1.0800,38.4258,-116.4774,1.9592
9.7549,30.0000,10.6757,1.1781,4529.0000,5.9224,36.1633,-116.0498,5.1043
5.7912,12.0000,10.9266,2.0440,1450.0000,3.5595,38.8212,-115.9301,3.4455
2.2272,19.0000,9.0941,0.6828,1549.0000,4.9992,35.8724,-123.3461,2.0138
10.9778,30.0000,4.5055,1.2683,1203.0000,1.7170,39.2936,-115.7066,4.8894
1.5442,51.0000,10.0756,1.0094,2015.0000,3.8376,33.0002,-116.8837,2.1680
2.3585,34.0000,6.0628,2.0243,1230.0000,2.4985,38.6766,-115.7096,1.6350
6.8009,34.0000,8.6779,1.3487,2684.0000,4.9206,32.3608,-121.1492,4.3379
4.7410,43.0000,8.5487,1.8483,1878.0000,3.3825,37.3015,-118.7003,3.1598
3.5532,34.0000,5.5169,1.9132,3831.0000,1.3925,37.0129,-116.4867,2.5876
6.1230,14.0000,7.1353,1.6615,4757.0000,5.1500,37.7526,-122.8389,3.4050
4.8455,24.0000,7.4200,2.1814,3917.0000,1.3080,34.1755,-120.2758,3.3838
2.3522,5.0000,9.0356,0.8943,454.0000,4.8199,41.3273,-117.7992,1.9531
1.4851,24.0000,8.0427,2.0138,2891.0000,5.7151,37.5672,-118.4350,1.7424
5.3185,30.0000,3.9417,1.1951,4784.0000,1.3287,36.3601,-123.3717,3.2524
8.8559,41.0000,3.8937,1.1677,374.0000,4.6775,32.5185,-120.7394,4.9184
8.7474,17.0000,8.4980,0.5420,3382.0000,1.7409,33.7233,-119.3505,4.9633
6.7571,25.0000,4.8489,1.8342,3604.0000,3.5101,40.2219,-118.2126,3.3032
6.9488,20.0000,4.5791,1.3827,1937.0000,3.5668,36.3475,-117.6233,4.0690
5.7839,14.0000,8.1120,0.7500,521.0000,1.1424,37.7745,-118.4608,3.2648
1.5945,14.0000,8.4672,1.3390,1869.0000,4.0456,36.3084,-114.1917,1.9984
8.9348,15.0000,7.8204,2.0212,3323.0000,1.1306,37.5456,-114.4321,4.6738
8.5034,11.0000,9.8694,0.7949,1096.0000,4.9137,37.0293,-119.1245,4.7504
3.7805,1.0000,3.4280,1.9641,1950.0000,1.1221,33.0314,-116.2044,2.8130
8.0872,49.0000,8.9977,1.0824,1631.0000,3.5250,40.8642,-116.8509,3.8154
1.4130,17.0000,8.5105,2.4617,4361.0000,5.6473,40.2229,-120.6459,1.2802
10.6134,9.0000,7.1986,1.9470,2129.0000,3.0428,35.0544,-117.0424,5.3358
6.7753,21.0000,4.7087,2.1290,4704.0000,3.3581,38.5699,-118.3515,3.4649
5.9794,3.0000,7.3293,2.2035,2603.0000,2.7464,36.3470,-123.9738,3.5640
8.3165,44.0000,5.4594,2.3968,4615.0000,3.2951,32.8046,-123.2469,4.7962
7.6585,25.0000,3.2583,1.0077,2198.0000,3.4524,36.6445,-114.3234,3.9825
5.5079,12.0000,8.5899,1.7077,4400.0000,5.3136,35.6630,-119.3586,3.7579
7.5244,47.0000,7.9269,2.2633,2641.0000,3.8883,35.0267,-121.6946,4.2687
9.0889,51.0000,10.4246,1.3335,4996.0000,3.6563,32.0062,-122.1202,5.3076
8.1911,37.0000,5.9821,2.0364,4215.0000,1.9366,38.4372,-123.5797,4.0697
1.9207,37.0000,10.1031,2.3075,695.0000,5.2519,38.6125,-115.4492,1.8692
3.2938,1.0000,9.0247,1.5588,2052.0000,1.4472,38.0775,-120.1713,2.3171
2.8162,4.0000,6.9925,0.7026,4807.0000,2.0386,39.2222,-114.2541,2.1817
7.5930,52.0000,4.7109,1.4035,3119.0000,5.1041,41.1180,-122.3739,3.7009
10.4293,43.0000,7.3566,1.0549,4607.0000,3.5597,34.7331,-122.2350,5.6574
10.8523,28.0000,4.6167,2.0592,2640.0000,5.9593,37.4787,-118.5908,5.4499
3.4898,8.0000,7.4637,1.1152,4452.0000,1.6410,36.7835,-116.7348,2.6348
10.7833,7.0000,8.9154,1.1706,4597.0000,2.5059,40.9082,-120.7683,4.9444
4.9624,52.0000,9.8099,2.1385,1740.0000,4.6336,38.1436,-121.9733,3.3448
3.6747,40.0000,9.5243,1.0659,3935.0000,4.1769,39.8444,-119.3080,2.3449
7.8364,11.0000,6.4552,1.1378,3399.0000,4.3474,33.4514,-114.7180,4.6267
9.6247,6.0000,9.0369,1.1144,4694.0000,5.1232,32.7583,-120.3221,5.5767
7.5087,17.0000,3.7242,2.2852,3369.0000,5.8097,40.3468,-120.0219,3.6801
2.0420,14.0000,10.0575,1.9124,2929.0000,3.5640,36.6288,-115.9980,1.9844
7.9706,6.0000,8.2516,1.8695,2688.0000,4.5307,40.6982,-121.1510,3.8847
4.6211,44.0000,9.4867,1.9565,3106.0000,2.2754,32.2334,-119.2850,3.4867
9.0361,33.0000,5.7548,0.6973,828.0000,5.7510,41.5270,-118.5675,4.4265
8.6426,39.0000,6.9250,1.1432,1000.0000,2.8207,37.9187,-119.3607,4.5816
7.5240,45.0000,5.5546,0.9247,2905.0000,5.0940,36.9415,-114.3359,3.9511
6.5317,39.0000,5.3443,0.7706,3964.0000,1.3749,37.5543,-120.6915,3.5877
7.5123,36.0000,5.4570,0.8602,3551.0000,4.1963,36.6350,-119.9374,3.8759
1.3639,38.0000,9.8372,0.9494,2011.0000,1.1962,33.1567,-118.6963,2.0991
4.5278,35.0000,5.6384,1.6842,5022.0000,5.0246,35.6094,-118.6511,2.8835
2.3379,5.0000,9.7770,1.2930,3185.0000,4.2823,37.9776,-118.3961,1.9142
8.9581,25.0000,6.7246,2.4497,1651.0000,2.3124,32.4041,-119.2575,5.2937
7.1868,12.0000,6.9359,2.2489,2059.0000,4.2714,40.2940,-115.8950,3.8183
2.5897,20.0000,7.8955,2.3824,4549.0000,3.0553,32.3294,-121.1427,2.8088
7.9532,30.0000,6.9663,1.9463,2066.0000,5.2641,37.6096,-122.3752,4.3318
7.0296,50.0000,4.8559,0.9039,4574.0000,5.1153,37.5821,-120.8358,3.9273
9.5043,34.0000,10.6630,1.0591,4153.0000,5.2341,36.5679,-115.5024,5.2663
1.2533,44.0000,8.1734,0.6636,3845.0000,4.3480,39.0996,-116.3484,1.6042
5.5900,13.0000,9.8493,0.7542,1023.0000,2.6605,33.3445,-115.5795,4.0808
4.1669,19.0000,9.0055,0.5559,4246.0000,5.4522,34.7727,-118.9375,3.3024
9.1405,4.0000,4.4430,0.7155,2305.0000,4.3745,33.8639,-120.5139,4.8571
1.4880,45.0000,5.0333,2.3130,1019.0000,4.2137,33.7495,-115.6997,2.1177
10.8989,16.0000,10.6983,1.2283,4818.0000,5.5085,41.7405,-116.0040,5.0835
1.0599,8.0000,8.5647,0.5565,3100.0000,5.2546,36.8163,-114.9306,1.5843
10.2327,26.0000,5.0036,1.8579,3318.0000,4.6650,34.0377,-116.8313,5.6275
8.1230,28.0000,4.1103,2.4967,380.0000,1.1573,40.4142,-123.4735,4.0073
8.5442,38.0000,8.3610,1.3500,4421.0000,3.3651,35.3188,-118.4154,4.5903
9.0213,50.0000,10.7799,2.4124,146.0000,5.4063,33.3557,-120.7111,5.1684
7.5737,43.0000,8.5562,0.5752,4207.0000,3.3057,33.3696,-123.9389,4.5637
5.1644,50.0000,9.7224,1.2204,4837.0000,4.7703,40.9649,-116.2531,2.9518
4.0145,51.0000,7.9047,0.8865,3393.0000,3.8092,34.8693,-122.9889,3.1918
9.8483,10.0000,4.0453,1.9104,3004.0000,5.9798,41.5302,-118.6629,4.5754
7.0714,12.0000,8.0096,0.5484,2826.0000,2.2264,36.8098,-121.3398,3.8079
6.5451,45.0000,9.7638,1.9062,226.0000,2.3017,34.6220,-117.6813,4.2457
8.6102,16.0000,7.4218,1.9858,4836.0000,1.3849,33.0316,-117.1243,5.0605
2.9221,22.0000,10.1621,1.6670,1945.0000,4.6890,32.5154,-118.5769,2.7540
1.4505,11.0000,5.7091,0.8961,1070.0000,3.7328,34.5745,-115.6804,1.6903
7.7232,17.0000,10.4978,0.7902,3826.0000,5.1863,39.8317,-119.3345,4.1894
6.8909,15.0000,10.2330,0.8310,2024.0000,1.1961,37.1823,-115.2183,4.0385
7.8729,15.0000,6.4576,1.0135,4725.0000,4.8348,41.8367,-117.9269,3.6223
4.8992,11.0000,10.7642,2.0414,3129.0000,1.0924,38.4257,-123.2509,3.0591
1.6802,34.0000,9.7035,1.4621,5036.0000,5.3512,39.4487,-121.6993,1.9062
9.0928,9.0000,8.9397,1.0288,4539.0000,1.5681,39.9249,-115.9841,4.5244
3.3408,11.0000,4.9298,1.5630,5082.0000,3.4115,36.2290,-116.6638,2.3957
7.5546,21.0000,10.0670,0.6147,669.0000,2.0925,39.2868,-121.9133,3.8024
7.7459,23.0000,4.6189,1.6130,4042.0000,4.3470,36.9796,-123.3250,3.8841
7.0633,29.0000,4.6930,1.7584,1758.0000,1.6218,36.8088,-121.2535,3.8117
3.2219,21.0000,5.5685,1.4072,4539.0000,3.1375,35.5743,-122.4209,2.3589
1.3948,14.0000,10.6465,1.9711,538.0000,3.9612,37.1334,-116.5708,1.7267
1.7315,49.0000,10.0841,0.7883,1188.0000,4.4458,41.4175,-115.9258,1.5223
9.7987,37.0000,10.6999,2.2344,1389.0000,2.9326,33.0855,-119.6432,5.4466
9.5594,5.0000,8.2386,2.1179,963.0000,4.7637,33.0210,-117.6952,5.1808
4.8867,14.0000,9.9135,1.1920,4240.0000,3.5962,38.6912,-122.9342,3.2092
7.6490,26.0000,3.8482,1.7344,4247.0000,2.8592,40.1050,-115.6285,3.5534
7.2672,30.0000,4.1794,2.4582,4603.0000,5.6548,32.4112,-117.9133,4.1497
9.7193,25.0000,7.4641,0.5433,375.0000,2.3021,34.3840,-116.9446,5.4624
9.6840,4.0000,9.7630,0.5189,2929.0000,2.2993,41.6507,-115.0211,4.7104
7.7679,1.0000,10.9443,2.1802,565.0000,4.8151,40.3382,-114.6581,4.0076
6.7756,38.0000,3.5397,0.5802,3077.0000,3.5929,39.7767,-118.6410,3.3018
2.2098,2.0000,6.9023,1.4184,2857.0000,2.6509,36.1158,-123.5605,1.8551
3.7966,34.0000,9.7417,0.5673,842.0000,1.8931,40.7818,-118.6618,2.4899
8.3239,5.0000,8.4933,1.3598,241.0000,3.1966,34.8536,-119.3269,4.5004
9.8967,37.0000,8.3753,0.5136,3224.0000,4.8701,37.9054,-120.3189,5.1957
8.4606,38.0000,5.6074,2.3471,474.0000,3.0488,35.4699,-121.0226,4.5459
9.7153,25.0000,8.9066,1.4652,2388.0000,4.0649,32.7921,-115.7544,5.4157
10.4039,6.0000,4.4880,2.2773,1328.0000,3.9691,35.9394,-115.6604,5.4175
2.9291,7.0000,10.5749,0.8473,2100.0000,4.4420,37.9285,-119.4016,2.4801
6.7998,22.0000,8.1286,2.1872,215.0000,1.5370,33.7493,-118.0768,4.2968
4.7943,34.0000,6.3786,1.2723,451.0000,3.5591,37.2696,-115.8368,3.1726
3.5987,51.0000,5.0878,0.5671,4295.0000,3.8206,41.1790,-114.3606,2.2493
1.4716,45.0000,5.6450,0.6607,218.0000,4.2809,32.1310,-114.5184,1.9897
8.4138,17.0000,10.6350,1.9387,958.0000,5.5839,41.1229,-123.1762,4.3275
5.7365,35.0000,10.3109,1.2771,2636.0000,5.8547,36.3708,-116.1057,3.4498
9.0713,43.0000,4.5277,1.9939,3507.0000,4.6337,38.5644,-115.4798,4.4584
6.3038,15.0000,6.3070,1.6439,3864.0000,4.2337,38.9094,-114.3228,3.5996
8.4082,31.0000,6.1965,0.6691,4120.0000,2.2957,34.8105,-120.6152,4.4669
8.0779,25.0000,3.1671,0.6552,1331.0000,3.0094,35.3501,-114.2354,4.2049
9.2030,23.0000,9.6517,2.3208,1698.0000,3.1610,41.7623,-119.3782,4.4215
8.0647,48.0000,8.9281,0.8424,1138.0000,1.1692,41.4006,-119.7507,3.8227
8.6148,43.0000,8.2151,0.5938,3197.0000,3.1516,39.0981,-122.1667,4.3322
5.6464,36.0000,6.0662,1.3063,1136.0000,3.0629,36.8932,-117.5914,3.2354
7.6931,26.0000,9.3741,2.3243,2262.0000,2.8110,33.8683,-114.1512,4.4486
3.0678,19.0000,6.8466,1.6428,3738.0000,1.5491,39.6036,-119.4013,2.0505
1.7088,33.0000,4.7632,0.7266,2673.0000,5.2194,33.0704,-118.6951,2.0045
9.5335,25.0000,4.8239,0.7063,4501.0000,4.4546,40.2521,-123.4429,4.5631
2.0987,14.0000,9.2753,1.7006,3563.0000,2.6925,38.8744,-117.6829,2.0503
2.4189,18.0000,7.5361,1.4331,2026.0000,5.5659,34.9911,-118.9048,2.4499
9.1154,18.0000,4.8053,0.5135,3306.0000,1.8543,36.2133,-119.6920,4.7099
6.3216,11.0000,3.4024,2.3016,434.0000,3.5070,35.6287,-118.0142,3.5812
3.8048,6.0000,5.5499,1.2528,214.0000,5.4061,36.9829,-116.1787,2.3646
6.0640,17.0000,4.3362,2.2567,4123.0000,5.2452,36.8854,-121.5768,3.2716
9.1797,46.0000,9.0138,1.2600,3299.0000,4.7916,37.0466,-122.0191,4.8490
8.0129,50.0000,3.2076,0.5741,1260.0000,5.4664,34.9620,-115.4358,4.4819
8.4160,42.0000,3.5641,1.9392,2007.0000,5.9963,37.7569,-114.8380,4.3606
3.6636,38.0000,9.2692,1.9917,232.0000,5.6495,41.5495,-120.3890,2.0138
3.2659,22.0000,6.7488,1.9646,506.0000,4.1163,38.5537,-121.7148,2.4601
10.1677,42.0000,10.9218,0.9363,4885.0000,2.6584,36.9149,-122.3628,5.2771
8.5448,14.0000,3.9946,0.9276,358.0000,5.9840,41.9580,-116.5744,3.8386
9.7908,19.0000,4.5746,0.8181,1694.0000,2.0149,37.2273,-122.6092,4.6266
9.2126,18.0000,6.1263,2.1190,2224.0000,3.7740,39.7773,-120.5121,4.4230
10.5404,6.0000,10.3769,1.8567,991.0000,1.0519,33.2385,-119.3590,6.0420
6.5752,27.0000,7.0417,0.5419,3246.0000,4.8437,41.9907,-114.6636,3.3405
10.6695,20.0000,3.4241,2.4617,4252.0000,2.3052,33.4461,-119.8314,5.5712
9.2705,21.0000,10.4004,2.3689,2490.0000,4.6797,34.2261,-118.6113,5.2082
3.3463,9.0000,4.4189,1.8191,788.0000,2.8083,40.3193,-116.6968,2.1682
7.1055,39.0000,4.0014,1.9551,1790.0000,4.1036,33.4012,-115.2392,4.1429
8.1513,34.0000,6.6130,0.6256,2092.0000,3.6133,36.7346,-123.6795,4.2490
9.7916,20.0000,7.0463,1.5466,3169.0000,2.2636,41.7313,-123.7921,4.6565
8.4662,44.0000,9.8340,0.9674,4666.0000,1.1105,35.0939,-123.0157,4.9912
7.8800,38.0000,5.3422,1.1478,2044.0000,1.5374,37.5645,-114.9738,4.0413
2.4418,49.0000,8.1176,1.2253,4673.0000,1.1643,35.2273,-120.5615,2.4513
9.6637,5.0000,9.0303,1.6056,4952.0000,2.4982,35.0057,-114.4128,5.2388
8.1011,21.0000,5.8336,1.2942,4507.0000,3.8728,37.0405,-122.4076,4.1145
9.5397,27.0000,3.7799,1.6786,1405.0000,5.4373,38.4044,-123.9275,4.4730
8.0845,50.0000,8.0584,1.4186,2731.0000,4.1889,38.0648,-122.2711,4.3203
7.6533,28.0000,5.6631,1.4944,4756.0000,5.4052,38.8570,-121.6589,3.8757
5.6922,5.0000,9.0032,0.5082,2355.0000,3.9020,32.1145,-115.0707,3.7846
2.6534,51.0000,5.7062,0.5965,1597.0000,3.5760,33.0477,-123.2754,2.5966
2.0560,48.0000,6.7805,0.9814,3661.0000,1.8649,41.2825,-116.5012,1.5002
5.5875,38.0000,10.6595,2.0220,2988.0000,2.1958,33.2177,-115.3663,3.7162
2.7158,16.0000,10.7454,1.5432,2265.0000,4.3721,36.6681,-115.7886,2.3196
7.5912,13.0000,3.5744,1.2198,4391.0000,3.4802,37.1721,-120.7211,3.8474
7.5727,46.0000,10.7537,1.8466,535.0000,5.6150,34.5150,-123.3816,4.6994
7.0778,9.0000,4.2956,0.9953,893.0000,3.4870,38.8525,-117.4928,3.7440
6.6476,14.0000,5.0800,1.2885,5021.0000,4.1225,32.1550,-123.6102,4.1555
1.3490,8.0000,4.0207,1.1176,3537.0000,1.7095,36.0129,-118.8292,1.5708
9.4775,12.0000,8.5185,1.7688,805.0000,5.1064,33.3808,-115.9809,5.2404
10.9060,35.0000,10.4129,1.5889,1166.0000,4.3143,37.5700,-118.2622,5.5359
9.0867,10.0000,10.5278,0.9022,678.0000,4.3807,40.5439,-118.4364,4.4767
2.6883,15.0000,5.9888,0.5292,581.0000,3.5788,33.0981,-119.6843,2.7603
3.6109,48.0000,5.2913,2.2833,4122.0000,3.4094,38.8208,-120.3053,2.4277
4.8601,38.0000,5.5107,0.8500,1979.0000,3.0215,37.4866,-123.2345,2.9646
1.2241,6.0000,6.7303,2.2342,1617.0000,1.6988,39.2695,-122.3215,1.1627
10.9673,35.0000,9.0522,1.6364,1797.0000,2.9141,32.2687,-117.7957,5.8840
10.3418,13.0000,5.1107,2.0296,3423.0000,5.1898,39.8961,-121.8609,4.9874
2.5916,42.0000,6.3656,1.1733,2745.0000,3.8167,32.6677,-119.3657,2.6582
5.1005,49.0000,7.5899,0.7723,2945.0000,4.0793,34.2329,-117.2182,3.3204
3.0674,30.0000,7.5079,1.9200,601.0000,1.8373,37.3630,-116.9839,2.4514
9.5445,20.0000,3.3368,1.6902,948.0000,5.8232,36.6449,-115.2636,4.8471
1.5273,34.0000,7.9467,0.5959,1153.0000,4.1357,34.5443,-119.2579,2.2394
8.2469,41.0000,3.3302,0.9716,1710.0000,1.2588,33.9541,-119.0585,4.6944
7.7236,7.0000,5.3467,0.5330,3796.0000,1.8265,37.2158,-115.9135,4.2270
7.4454,23.0000,5.7928,1.6775,1069.0000,5.5395,41.8081,-117.1900,3.5059
1.9096,30.0000,8.0347,0.5705,2920.0000,2.3878,38.5009,-114.9109,1.7667
7.3490,14.0000,10.1281,1.1807,2781.0000,2.2264,39.1357,-116.3195,3.7363
10.4350,45.0000,9.8776,1.3860,620.0000,1.0669,39.4173,-120.0614,5.3877
4.8548,28.0000,5.1251,2.0532,2050.0000,4.4298,40.2790,-114.6394,2.4231
9.7289,46.0000,6.7700,2.2688,3502.0000,5.7529,36.9621,-117.2060,5.2241
7.1199,36.0000,4.0526,2.0669,3211.0000,1.3818,37.8913,-114.5427,3.9489
9.1424,21.0000,5.9003,2.2945,860.0000,2.2722,41.9822,-116.7509,4.2210
8.0784,50.0000,3.4411,1.2662,1551.0000,1.8657,40.6467,-115.4776,4.0060
6.4834,50.0000,4.2980,2.4990,4700.0000,2.2073,36.4367,-117.0098,3.5010
10.1193,46.0000,9.0583,1.9985,777.0000,2.4341,37.8073,-117.2637,4.9724
2.9067,30.0000,3.3344,1.7097,1114.0000,1.1018,36.6379,-116.5293,2.3614
5.4585,22.0000,4.7916,1.2130,4037.0000,3.6476,37.4282,-117.6358,3.1271
1.5308,34.0000,6.8530,2.0812,2257.0000,1.8740,35.7298,-117.0204,1.8212
6.1562,25.0000,10.6483,1.1497,1488.0000,4.9221,37.3930,-120.5884,3.5770
1.8175,18.0000,7.4022,2.3805,2862.0000,1.7860,40.6961,-115.7543,1.5500
9.2872,32.0000,6.1048,0.7499,934.0000,2.0713,36.8133,-116.4642,4.6212
9.1745,27.0000,6.6812,2.2715,4854.0000,3.8559,33.5716,-121.8121,5.2363
4.8805,13.0000,4.3918,2.0909,3204.0000,1.8307,34.1989,-120.5797,3.4358
2.0394,11.0000,10.1542,0.7976,2971.0000,1.3030,33.0499,-115.1108,2.7003
8.0090,37.0000,3.3073,2.1589,1752.0000,2.6981,38.2643,-118.8660,3.9556
6.2005,36.0000,3.4825,2.2859,3565.0000,2.3575,38.6454,-120.4658,3.1639
1.1209,24.0000,8.4474,1.9895,3450.0000,1.7239,35.7744,-115.8898,1.6534
7.5803,44.0000,5.9662,1.7210,2156.0000,5.2283,34.6674,-121.6014,4.4451
6.6744,35.0000,8.2815,2.0760,2375.0000,1.2472,32.7541,-118.1750,4.3818
6.1619,34.0000,4.9872,1.9442,4040.0000,1.7505,32.6260,-117.8333,3.7797
9.0137,14.0000,8.7173,2.0897,3861.0000,1.8250,35.9058,-120.6971,4.9412
6.4927,8.0000,7.8135,2.1077,4329.0000,4.2258,32.4573,-121.2208,4.3054
8.7866,10.0000,4.8607,0.7141,4870.0000,5.4766,35.5105,-114.7622,4.5994
2.1703,21.0000,10.5192,1.5953,3203.0000,1.3572,39.2601,-118.2518,1.6931
5.2002,4.0000,8.0844,0.8894,3983.0000,1.2067,34.6099,-116.8363,3.6895
8.9111,46.0000,3.3988,0.9286,449.0000,2.8328,37.2872,-120.2871,4.4727
1.7054,5.0000,3.1924,0.5259,1645.0000,3.6778,35.4668,-120.5918,1.8639
9.7455,51.0000,3.3148,0.8435,1794.0000,5.2457,32.5802,-121.0488,5.1265
5.2345,37.0000,5.1415,1.7905,4417.0000,3.1257,33.9440,-116.8306,3.4383
5.7372,39.0000,7.9800,1.9147,2008.0000,4.4018,37.7715,-116.3149,3.2151
2.4391,44.0000,8.5778,1.1906,2490.0000,5.2589,41.0510,-121.2534,1.5831
2.0516,37.0000,7.2185,1.0329,4293.0000,4.5127,41.5657,-114.6236,1.3269
4.5315,6.0000,6.9073,0.6413,1412.0000,2.8938,33.6492,-117.9426,3.2698
2.5818,33.0000,4.5177,2.4269,2263.0000,1.2876,36.6729,-120.6425,2.1858
2.1527,47.0000,5.4280,1.1389,3224.0000,2.0606,35.8648,-116.7057,1.8737
5.0957,28.0000,7.5196,2.3447,499.0000,5.5799,33.8213,-121.1155,3.4514
9.7162,9.0000,6.1515,1.8077,3562.0000,1.2634,39.2192,-121.6370,4.5677
5.7395,34.0000,9.9606,1.7989,2428.0000,3.8821,37.2585,-121.1996,3.7188
9.6892,47.0000,7.2722,1.8884,3062.0000,5.3867,36.7857,-118.3672,5.0898
1.2942,33.0000,3.9183,0.8481,4941.0000,2.0058,41.9395,-119.3540,1.1264
5.8119,41.0000,10.2585,0.8002,699.0000,4.2205,38.3317,-117.8975,3.3261
10.2331,52.0000,10.6749,0.5348,3431.0000,1.8879,33.4707,-115.5531,5.8260
1.1299,49.0000,3.0317,0.5237,4355.0000,1.9113,41.8602,-117.8042,0.6632
7.0943,46.0000,6.0301,2.3277,4503.0000,1.0055,36.7298,-114.0793,3.8118
5.9625,9.0000,5.7488,2.2370,2543.0000,4.8251,37.9214,-119.2334,3.0970
3.0589,51.0000,7.3037,2.4495,3468.0000,1.3126,40.4970,-115.4658,1.8797
4.9857,36.0000,5.0221,1.0406,981.0000,4.4417,33.4586,-122.2910,3.2695
6.3186,35.0000,7.4950,0.9929,2610.0000,1.6438,36.6375,-120.3855,3.7264
4.5637,5.0000,5.0583,1.9396,2884.0000,2.7304,33.8070,-115.6291,3.0193
1.8061,45.0000,6.9341,1.1758,2919.0000,4.7133,33.3873,-118.2883,1.9649
9.2083,22.0000,8.5773,2.3896,4598.0000,3.7824,41.0812,-122.6304,4.6728
3.2620,30.0000,6.5745,1.5940,3083.0000,2.3989,40.3925,-122.2783,2.1474
10.4308,23.0000,5.7923,1.7941,3501.0000,4.0539,38.3931,-120.8937,4.9624
7.7833,38.0000,5.8947,1.3805,2179.0000,2.8167,39.2707,-116.0112,3.9974
6.1688,38.0000,4.3854,0.7378,1195.0000,3.2943,41.1967,-122.2793,2.7874
8.7246,17.0000,9.4499,2.2276,1046.0000,4.4018,39.7483,-116.2860,4.6553
6.1019,41.0000,3.1924,1.9408,2855.0000,3.6796,40.7790,-122.6781,3.0448
7.1632,42.0000,6.4154,1.4480,4572.0000,1.2680,37.0973,-117.2293,4.0043
1.8828,7.0000,8.9876,0.6008,4982.0000,1.9846,39.4864,-120.3830,1.4971
5.7328,45.0000,8.5618,2.1485,4764.0000,2.0343,37.2594,-119.7722,3.6849
4.8550,50.0000,5.5298,2.0481,963.0000,4.9524,36.3424,-115.9152,2.8497
1.0753,45.0000,7.0008,1.1328,1401.0000,3.8676,40.7902,-116.2401,1.3724
7.6090,8.0000,3.3168,1.5404,1723.0000,4.5752,39.0299,-119.3696,3.8401
7.4576,43.0000,4.2610,2.3899,3881.0000,1.9013,41.9254,-118.9584,3.2690
9.8696,3.0000,8.3400,0.9638,1402.0000,5.6179,33.3529,-117.6525,5.3269
7.1568,46.0000,3.5335,2.1795,3698.0000,4.7876,41.8269,-123.6568,3.5129
8.5568,51.0000,3.0231,1.7454,117.0000,2.8815,38.5925,-116.6112,3.9694
1.3944,52.0000,8.6520,0.8248,1101.0000,4.5373,33.6968,-117.6211,2.3031
6.3294,25.0000,7.0854,2.0913,132.0000,1.0211,35.5052,-118.5692,3.5892
9.2201,3.0000,9.4941,2.1479,3909.0000,4.3659,35.4866,-114.1535,5.0871
7.4641,51.0000,10.5852,0.5919,4271.0000,1.1538,38.0375,-118.4747,4.0359
5.3783,34.0000,5.7017,1.4308,127.0000,3.9005,33.7558,-116.3277,3.6570
6.1111,16.0000,6.3394,1.8505,3535.0000,3.3254,39.4238,-122.0360,3.4733
10.6882,7.0000,9.3203,1.9733,4634.0000,5.2765,36.3345,-121.6347,5.3636
2.7873,8.0000,8.1385,1.7508,3626.0000,2.6206,39.4080,-120.3870,1.7921
8.5058,9.0000,7.2080,1.0072,4153.0000,5.8746,33.5925,-120.6434,4.7010
4.3744,51.0000,3.8670,0.6558,4426.0000,5.3581,33.3995,-121.7652,2.9228
4.2296,22.0000,10.6896,1.0367,3254.0000,3.4204,41.5408,-119.9221,2.6509
7.8513,17.0000,4.7819,1.5766,4444.0000,1.4157,41.8083,-116.2727,3.5530
10.5121,51.0000,8.7434,2.4621,5081.0000,4.7860,39.2507,-118.8069,5.0213
8.4918,52.0000,7.5274,2.0317,5097.0000,2.2395,41.2503,-121.1622,4.0794
1.9351,51.0000,10.3940,1.6723,2760.0000,5.0253,37.7188,-122.8121,1.7945
10.5808,42.0000,5.9391,2.4108,808.0000,2.8466,36.6162,-114.8184,5.2559
8.2696,10.0000,3.0791,1.4758,4622.0000,5.6834,34.6191,-115.2875,4.5716
3.2975,4.0000,6.8909,2.2432,2757.0000,1.1885,41.9798,-119.2068,2.1396
10.2811,45.0000,4.5863,1.9207,2986.0000,4.7676,36.9952,-121.5189,5.0537
9.9132,28.0000,7.2794,0.7745,4876.0000,5.7375,36.7028,-118.4528,5.2744
9.8373,51.0000,3.0130,1.9143,2957.0000,1.6384,36.9566,-115.2853,4.8489
10.0190,48.0000,3.1420,1.6385,2933.0000,4.9893,38.5132,-123.6581,4.8095
4.7803,45.0000,4.6938,1.6185,1937.0000,1.3698,41.6391,-115.7667,2.3068
2.4098,51.0000,10.1389,1.5790,531.0000,3.6487,40.9811,-115.0532,2.0572
10.5854,3.0000,4.4261,1.2670,1719.0000,4.5297,40.7131,-123.5582,4.6970
10.5991,13.0000,7.1191,0.7121,1411.0000,3.5692,33.1316,-123.6160,5.8903
8.6052,33.0000,9.7187,2.0212,1032.0000,4.5814,41.2695,-120.5215,4.4945
4.2637,18.0000,3.5420,2.0218,2385.0000,1.5304,37.4148,-123.8327,2.6016
5.9397,30.0000,8.1921,1.7365,1263.0000,4.6954,37.7495,-123.8047,3.3992
8.4112,12.0000,7.6659,2.2400,3537.0000,4.4008,41.3152,-121.8688,4.2124
9.3844,30.0000,8.0756,1.3403,2082.0000,1.1269,33.9383,-114.8552,5.2978
6.0676,30.0000,7.5739,1.6265,1822.0000,3.5937,33.7737,-115.5001,3.6798
4.4521,31.0000,10.3242,1.0039,3018.0000,2.2018,38.0758,-114.8450,3.0270
9.2510,34.0000,10.1578,1.7847,146.0000,4.5965,34.3548,-114.1975,5.2860
3.2928,20.0000,3.9186,1.9540,1569.0000,4.5493,32.4407,-118.6528,2.4954
2.4023,26.0000,7.2282,0.9668,1199.0000,1.7470,34.7365,-121.3466,2.4233
5.3581,49.0000,8.7655,0.8471,1520.0000,2.3495,39.4212,-122.1949,3.3008
3.4421,38.0000,7.0036,1.3537,2280.0000,2.6725,41.8689,-119.4215,2.0267
3.2092,41.0000,5.9481,1.6925,985.0000,2.4489,40.2154,-120.2815,2.1342
9.3465,26.0000,3.9371,0.5131,5074.0000,4.8621,33.6299,-115.4839,5.2404
3.9406,42.0000,4.7304,2.2521,987.0000,4.4910,38.7842,-123.1753,2.2387
3.8121,13.0000,10.1721,2.4148,4181.0000,4.5833,41.6820,-120.5208,2.3019
10.1113,39.0000,7.3916,1.0026,1660.0000,3.8776,33.2215,-120.0424,5.5406
5.8473,52.0000,3.0469,1.2244,1409.0000,4.7731,40.2513,-122.3317,2.7569
10.2464,6.0000,9.3302,0.8157,2330.0000,5.6105,32.7276,-120.1704,5.8260
3.4023,42.0000,3.2505,2.1821,3212.0000,2.6711,33.0935,-115.9349,2.4774
10.1848,27.0000,4.6359,0.7514,2556.0000,2.8544,37.5099,-119.0759,4.8753
10.2811,7.0000,7.2754,1.6183,1803.0000,5.7351,41.6150,-120.4273,4.9439
9.0016,23.0000,4.6001,2.2439,789.0000,3.5804,34.9123,-117.8573,4.9440
8.0406,40.0000,6.3102,0.6624,3846.0000,3.3348,39.8379,-116.6592,4.0098
8.9420,26.0000,6.9565,1.3625,3375.0000,3.0884,34.2324,-117.3530,5.1215
6.6757,40.0000,4.9232,2.0349,2928.0000,5.2555,37.1490,-117.1636,3.5512
5.2540,32.0000,9.9522,1.3028,3265.0000,3.4971,35.3696,-123.8809,3.7268
5.7711,2.0000,8.1024,1.8861,4543.0000,2.6585,34.6104,-115.8475,3.5645
4.8613,22.0000,8.9824,1.4141,3564.0000,2.0958,41.5986,-116.1203,2.5127
7.8703,18.0000,6.0230,0.5102,2134.0000,2.3135,35.4223,-116.7026,4.1850
8.6629,22.0000,8.9591,0.8808,907.0000,5.8557,39.1561,-123.3354,4.6185
4.2948,38.0000,10.2074,1.2495,4961.0000,1.8738,36.2804,-123.7773,3.0658
5.9509,29.0000,3.9476,2.1178,1681.0000,2.0483,37.8970,-115.1136,3.2157
7.8614,10.0000,3.8313,1.5794,2233.0000,3.0372,37.2768,-117.6208,3.8433
9.0084,21.0000,9.1563,0.6333,4517.0000,4.2482,33.2750,-116.5497,4.9920
6.5864,31.0000,5.2938,0.9628,1942.0000,5.7349,33.5644,-123.7193,3.9578
7.9209,42.0000,7.0840,2.3981,770.0000,1.4888,37.1822,-123.7265,4.1702
8.8237,9.0000,9.7625,2.0480,4703.0000,5.7014,36.3934,-120.0683,4.6521
4.0392,45.0000,5.2193,1.7910,4080.0000,5.8429,32.0289,-116.4793,3.1776
2.1391,18.0000,6.5535,0.7110,4939.0000,2.5290,39.8624,-118.9167,1.5168
10.3137,41.0000,4.4289,1.7608,1983.0000,5.8848,33.7887,-117.2737,5.2486
5.1476,8.0000,5.3687,1.4232,4787.0000,4.0608,34.1991,-116.0535,3.4041
10.4809,49.0000,3.5742,0.5429,1909.0000,3.7159,40.0175,-122.9421,4.6567
5.0497,47.0000,3.2226,1.8810,3225.0000,1.1734,37.3722,-123.3110,2.9060
6.3453,28.0000,3.3683,1.8878,2542.0000,4.0161,35.2517,-116.5865,3.4564
9.0192,17.0000,7.3652,1.4435,3852.0000,5.3223,36.7739,-121.9442,4.7258
4.5656,11.0000,4.1983,1.0080,349.0000,1.6516,41.4435,-120.0558,2.5296
10.8747,29.0000,9.8730,2.4455,3310.0000,3.4583,35.5871,-118.6512,5.5502
1.7369,47.0000,9.7133,0.6437,3364.0000,2.3385,32.3396,-120.4819,2.5131
1.3311,35.0000,3.4218,0.5648,2324.0000,2.3308,37.9949,-116.2094,1.5497
7.5533,37.0000,3.4997,0.9566,3252.0000,3.5110,37.8976,-119.9539,3.6800
4.3379,44.0000,9.2496,2.1443,4828.0000,3.9857,34.5174,-121.7366,3.3604
8.6274,38.0000,3.3394,2.3509,163.0000,2.4791,37.4655,-115.4661,4.1773
9.8019,20.0000,6.9161,1.5992,3234.0000,3.0797,32.6360,-122.8968,5.4498
3.9802,24.0000,4.6573,0.9714,3991.0000,1.8192,32.9188,-122.7711,3.2298
9.5704,39.0000,9.7239,1.9223,177.0000,4.8071,38.9826,-117.6658,5.0815
10.2104,22.0000,5.4396,0.8781,1943.0000,3.5674,39.0093,-119.8722,4.8549
8.8793,43.0000,8.5514,1.8889,3458.0000,3.1157,35.4291,-117.9367,4.9159
7.4150,45.0000,5.4236,1.8654,4186.0000,3.8070,38.7844,-116.3030,4.0410
7.9162,42.0000,4.3845,0.8001,4910.0000,3.7644,40.5204,-115.8980,3.8818
7.9259,4.0000,7.7024,2.2989,4103.0000,1.5163,37.5360,-120.6257,4.4309
7.1222,24.0000,3.6451,1.3522,4225.0000,5.1843,35.5708,-117.3778,4.0089
2.7145,3.0000,9.2269,2.3778,4364.0000,3.9361,34.0449,-123.9238,2.3879
7.6816,51.0000,4.7364,2.3122,4696.0000,2.0582,38.7044,-117.3766,3.7228
1.0946,16.0000,3.4174,1.4158,4006.0000,4.7033,41.8223,-120.9711,0.9079
10.7739,31.0000,5.2466,1.3673,843.0000,1.1565,41.2583,-118.1887,4.9976
2.2371,28.0000,4.3035,2.3194,3953.0000,3.2263,32.6824,-114.1275,2.3553
5.9428,8.0000,6.6508,1.5495,624.0000,5.7904,33.0377,-117.5596,3.7842
10.0668,10.0000,10.8218,2.3616,4644.0000,5.6129,39.0437,-121.7982,5.1492
4.8425,19.0000,5.5544,1.9369,2846.0000,3.2350,37.3001,-123.5806,2.9472
8.8656,10.0000,3.4172,2.2196,1964.0000,2.2193,37.0126,-115.9728,4.6325
6.3400,29.0000,4.9588,2.4003,1893.0000,4.8858,32.6110,-114.0731,4.0691
7.0715,43.0000,4.5849,2.3076,2552.0000,2.6385,37.9124,-121.3150,3.8837
2.5176,24.0000,5.8386,1.4793,1236.0000,1.2237,35.5987,-117.2417,2.1765
10.3709,4.0000,5.2542,2.4008,3564.0000,1.8371,32.3869,-119.4803,5.3768
3.4762,25.0000,3.2923,1.2374,2043.0000,4.0157,36.4861,-119.6491,2.4117
8.8979,14.0000,9.8721,1.9770,2977.0000,5.5216,33.8173,-116.5020,5.3250
9.8946,37.0000,8.2783,1.6928,2528.0000,5.4653,39.8072,-116.6252,4.8721
8.3834,4.0000,5.0773,2.4031,2822.0000,4.1504,36.4475,-118.8908,4.3686
2.0245,12.0000,3.2010,2.1480,4339.0000,1.2134,34.0019,-117.5634,2.1639
5.3336,37.0000,4.6032,0.5569,1246.0000,5.3981,35.1128,-116.6629,3.5058
7.8640,47.0000,4.5170,1.3257,3046.0000,5.4938,40.9546,-121.8960,3.6791
8.1231,19.0000,6.4157,1.2260,1151.0000,1.5194,36.2159,-121.9347,4.5470
4.0459,23.0000,10.5975,1.7747,2657.0000,2.5309,36.2733,-120.5265,2.7549
6.2342,47.0000,5.2411,0.8836,4165.0000,1.3219,38.5434,-116.8191,3.4213
3.4714,19.0000,8.7369,1.3684,1918.0000,4.4555,34.3987,-122.9854,2.8436
8.1989,48.0000,7.8741,0.5445,2810.0000,3.3141,41.9605,-117.8671,3.6955
6.9256,42.0000,9.0787,1.9811,5058.0000,4.0228,32.2698,-121.0693,4.5712
9.5826,23.0000,10.0187,1.8168,4765.0000,4.4267,33.0920,-114.8416,5.7026
8.6893,49.0000,6.3335,0.9804,5040.0000,3.2196,40.2100,-118.9758,4.0555
7.7038,5.0000,5.5566,1.8067,1106.0000,5.5374,39.6035,-120.8901,3.7368
5.1161,36.0000,10.3615,0.9459,334.0000,1.3214,32.5590,-114.9558,3.7439
8.1783,19.0000,7.4517,1.1842,1596.0000,1.5458,37.9904,-123.2689,4.2731
5.1020,1.0000,5.1640,1.7992,457.0000,2.0030,36.0421,-122.7522,3.2717
7.1545,47.0000,6.7237,2.2224,2466.0000,3.2345,41.8899,-121.5150,3.5398
7.6998,6.0000,9.2078,1.6965,4200.0000,4.2519,41.9956,-116.2721,3.9567
8.8491,32.0000,5.3300,2.0003,1901.0000,3.7291,36.3500,-119.3251,4.4229
1.5940,33.0000,10.7534,2.1819,3765.0000,5.2118,37.8304,-123.2264,1.6947
8.9099,27.0000,8.7151,1.2659,3552.0000,4.2376,37.0876,-119.4321,4.6784
1.4049,38.0000,5.9347,0.9723,4212.0000,2.5101,40.4185,-120.1406,1.1695
1.9354,22.0000,6.7715,0.8091,3553.0000,3.7761,33.1035,-115.8484,2.0442
6.4723,28.0000,9.5636,1.2506,3813.0000,2.3439,40.3082,-121.2213,3.2557
4.0933,28.0000,6.0400,2.4574,2622.0000,2.2733,40.2631,-118.8788,2.2824
6.2792,41.0000,7.6015,1.5203,1342.0000,2.2760,37.9842,-116.2037,3.4538
3.8206,42.0000,7.7361,1.9930,3338.0000,4.5706,34.8701,-117.3479,2.8208
5.1421,8.0000,9.4549,0.9589,4346.0000,1.8059,33.2323,-115.9689,3.6628
9.6552,38.0000,10.8176,2.4346,4167.0000,5.7313,32.3557,-121.4161,5.8120
3.0468,43.0000,8.6944,2.0862,1140.0000,1.5886,39.4869,-123.0412,1.9219
6.6746,38.0000,9.4572,0.7544,1290.0000,3.9756,35.7229,-115.5108,3.9173
1.3797,2.0000,3.9414,1.2606,206.0000,3.5518,37.1652,-116.8030,1.4331
1.5373,29.0000,4.5575,1.3005,142.0000,3.5566,35.2995,-120.8909,1.7142
3.0527,17.0000,4.3584,1.6430,4916.0000,1.6411,41.0639,-122.7416,2.0290
4.9235,24.0000,6.1119,0.9450,358.0000,5.5927,34.6619,-123.6756,3.2616
1.1179,14.0000,7.0054,1.5221,1214.0000,5.0966,34.1521,-119.9879,1.8351
1.8763,43.0000,6.6288,1.7692,557.0000,5.8373,33.6908,-116.0606,1.9828
7.8576,44.0000,9.2152,0.5435,2226.0000,4.2917,32.9569,-119.2369,4.6315
8.9678,39.0000,4.3702,0.9909,4628.0000,2.2202,37.8683,-117.4525,4.3707
2.7911,20.0000,10.0044,2.0354,4335.0000,3.6280,40.0270,-120.9109,2.2120
8.0115,43.0000,5.3634,1.7783,1800.0000,1.4394,36.9219,-120.2229,4.1928
10.4978,40.0000,8.2690,1.2288,204.0000,2.1986,34.4384,-120.0437,5.5593
5.4444,29.0000,8.1577,1.6593,921.0000,2.0674,33.7683,-120.2390,3.4990
6.4164,22.0000,7.1592,0.5696,3784.0000,1.0492,41.8481,-116.0901,3.4134
5.6566,12.0000,5.5114,1.1194,2329.0000,3.8077,35.6855,-114.8946,3.4447
7.2187,48.0000,3.4576,2.2096,2287.0000,2.3638,33.1280,-118.9823,4.4417
10.7456,33.0000,5.1588,2.3157,1200.0000,5.2416,35.5637,-118.6167,5.3740
1.0582,11.0000,5.8122,1.4830,1814.0000,5.6082,38.8341,-119.0332,1.4994
4.5850,40.0000,6.3385,2.0424,2758.0000,4.6662,34.3411,-122.3269,3.4013
10.4937,40.0000,3.1582,2.4974,4059.0000,5.6411,37.6047,-117.1035,4.9898
6.9358,48.0000,5.2446,1.2817,4180.0000,3.5398,33.7340,-114.0007,3.8831
1.0988,45.0000,4.1696,1.8177,2771.0000,3.0448,36.2829,-117.8333,1.7034
1.9533,29.0000,6.7663,0.9468,2518.0000,2.7818,36.3771,-119.5601,1.7786
6.1275,30.0000,3.6074,1.1358,4548.0000,3.5563,39.3486,-120.1455,3.2588
4.9565,34.0000,8.6135,0.5191,2663.0000,3.3568,35.1960,-114.7660,3.3177
3.7904,10.0000,4.6659,1.7261,2306.0000,5.4910,37.4736,-114.7436,2.4320
2.8425,18.0000,9.8053,2.0454,2479.0000,1.7819,36.8180,-117.5215,2.4446
10.6832,29.0000,6.4167,1.8380,1089.0000,4.2090,37.0905,-122.4563,5.2101
1.7247,49.0000,8.2424,1.6476,4601.0000,4.6248,38.7094,-116.3583,1.4642
3.8197,43.0000,9.5013,1.7976,4938.0000,2.3921,34.7407,-121.3567,3.1082
7.5351,4.0000,7.9226,2.0973,5020.0000,4.9594,34.4184,-114.5228,4.3460
1.5891,9.0000,6.3188,1.6907,2669.0000,3.1479,37.9605,-122.5120,1.8483
5.4004,6.0000,8.2135,1.1717,3701.0000,2.1709,38.6830,-120.2181,3.3971
1.4204,40.0000,9.4187,1.2650,3579.0000,5.7958,38.9760,-119.8267,1.6001
7.8175,42.0000,9.5399,1.2234,1728.0000,4.9558,39.3758,-122.2286,3.9005
3.9560,39.0000,8.2874,0.9396,2700.0000,5.5966,32.7264,-121.8613,3.0428
6.8099,18.0000,5.1974,1.0311,4081.0000,1.4438,39.3823,-114.9574,3.4816
3.0925,12.0000,3.7110,1.1882,1317.0000,1.1778,39.7352,-120.8409,2.1409
2.6320,40.0000,5.5518,0.7687,1954.0000,2.0147,32.1448,-117.4380,2.4977
8.4954,44.0000,4.6124,1.7217,1512.0000,4.8973,32.6775,-116.5868,5.0227
10.2770,7.0000,9.1245,1.3001,4199.0000,4.5044,36.8251,-119.0525,5.4463
10.2254,47.0000,6.0189,0.7501,3981.0000,3.0506,40.3152,-123.7205,4.6285
4.3567,17.0000,7.3288,2.1134,1320.0000,2.0952,33.2633,-117.5945,3.4319
2.4433,21.0000,10.3261,1.1248,983.0000,4.8764,32.9069,-115.4054,2.8231
6.3372,49.0000,6.2296,2.3034,4496.0000,4.1961,39.9253,-116.7260,3.2143
1.0686,3.0000,10.7025,0.8158,3513.0000,2.9636,32.0096,-123.6645,2.0642
6.6862,33.0000,5.9604,2.0421,3396.0000,1.2039,33.9847,-115.7500,4.0307
8.7956,11.0000,5.2318,1.6472,2719.0000,5.0609,34.0734,-117.4903,4.8923
5.3701,11.0000,7.7145,1.0133,1202.0000,3.0299,39.1248,-122.1415,3.2748
9.2792,5.0000,5.0106,1.6504,2476.0000,3.0217,39.4122,-123.7631,4.4857
7.3143,49.0000,8.8813,1.7948,3342.0000,3.0358,32.1938,-123.6645,4.3969
10.7316,45.0000,8.4641,1.0377,3782.0000,2.1792,35.3947,-114.1311,5.7634
7.3466,4.0000,5.1468,2.0062,2561.0000,4.4839,41.3989,-114.3636,3.6507
7.1569,50.0000,3.7301,2.2668,4157.0000,4.2291,35.9469,-119.8301,3.7618
3.1456,31.0000,5.2252,0.9387,4087.0000,2.1457,32.3773,-114.5883,2.7767
7.5887,25.0000,6.6065,0.8773,2570.0000,1.4351,33.4979,-122.5312,4.3134
7.1341,37.0000,8.2557,1.6583,3926.0000,2.8128,38.3083,-120.7526,3.8521
9.2171,9.0000,9.1832,1.7693,373.0000,1.3766,32.2586,-123.0820,5.1522
3.9304,8.0000,4.8100,1.0110,1237.0000,1.0682,37.4059,-117.0962,2.3410
6.4775,47.0000,4.1242,1.9808,1720.0000,3.2605,38.4711,-115.8829,3.5493
6.0438,42.0000,8.5532,2.4145,2748.0000,3.4659,36.1002,-122.1785,3.4800
7.2934,52.0000,5.7785,1.7202,1005.0000,1.2384,40.4443,-119.7951,3.4840
10.4568,15.0000,4.7831,0.9555,4398.0000,5.6199,33.9749,-123.6749,5.3624
3.4516,2.0000,5.6707,0.6337,511.0000,1.1731,40.1094,-117.1435,2.0040
1.1045,3.0000,9.5607,1.5659,1546.0000,1.9046,38.6025,-116.1033,1.6643
5.7347,38.0000,10.6684,2.1266,3753.0000,1.8724,35.9261,-115.9913,3.9157
5.1828,37.0000,9.5183,0.6282,4250.0000,2.0668,35.1843,-122.7195,3.5542
4.4419,22.0000,10.2203,2.3074,4120.0000,4.6300,38.4007,-117.6488,2.9788
7.9601,44.0000,8.6468,1.1410,4949.0000,4.8087,38.8284,-114.8603,4.2886
7.5677,36.0000,6.2431,2.2795,4129.0000,1.7177,32.5286,-114.6147,4.3639
6.4489,49.0000,7.4045,0.6925,4843.0000,2.5944,32.0733,-120.1334,3.9782
10.4351,26.0000,9.3135,1.0401,2472.0000,3.2687,34.5687,-121.2630,5.6756
9.7207,40.0000,7.6922,2.2383,314.0000,2.0604,35.6054,-116.5411,5.3492
6.4734,28.0000,5.3194,1.3916,4498.0000,2.0425,41.3287,-114.2867,3.4012
8.0936,34.0000,6.3803,1.1396,4027.0000,1.4433,41.7433,-116.3680,3.7591
1.6693,16.0000,8.5251,0.8876,4124.0000,2.7006,38.8327,-117.8916,1.5856
10.3503,49.0000,10.7823,1.6870,1959.0000,4.2790,36.9666,-116.1849,5.5606
10.8814,42.0000,9.1384,1.2234,558.0000,5.4203,41.9939,-114.0149,5.2757